path,id,receipt
favicon-16x16.png,NDF7clsu2hUkC3dHjo_UzKVwrEGYZUJIkV3mQC67J4s,"{""id"":""NDF7clsu2hUkC3dHjo_UzKVwrEGYZUJIkV3mQC67J4s"",""deadlineHeight"":1479982,""public"":""wZgP9Rpfh0nXb5EdzBUg7y2LFMkBp2ADX3gdZhLXHYbz4srlYD6FUGn6Tt-WsSYj8faUyA7bNKj9zzcXiN-bsMC73e0yoQ05A_5I2QnBAgCTuzXePvUVCvSCOg1vdh07hSjvSBd1XiWDHw2J-Z7m6lG3l56PDSCp8t-s0PduONcsjqOePFejzkaJymJxMYp7d0g0GL1i1MrBAbf5ohIobyTYQz7bRHLLUpdSgiCiHbSBp092cIQnHYXGBeWb-lBEtMT9Am5GsHeVXq4eL8H83NBPIN4fIOtwpl7zzBUeaD5lTc3UcXliMjFuFJurVmNhqsP_osJMceybk3VIjdP0biqLqt_nRupdPwwJGQ09iyGv0wfzMBlx7zTZ9pp77ZBX3cDnYmWt2IR-mIgOStfiEHu5BuwNGBvGt7-tzHJp9e6IOofN10apfiuF9iQEQ3gFVQDZ7owQ_IrCq5yWLP7ePwYoB2e7ZbvCkd4JM8oOgEMZkywTOx3gLASGKS7wqUerdlYacWRukqg5MmkQRbzJIiY23pPwrhQSWon5q91jbImO6vTaHVDZnd2GoMFlePAsceNO1MaLS6GMuY-EAwOtaX-R1QZUpJmCzWfV-77AmBmaPDCR0mm3f7jy-3yYSCMAkti4idHVq5dIhOJnibd_LEfQtkTAQ5MQlE4uoa5lkJs"",""signature"":""MNcmKKm3AiO0v7s310BQdAejwR2Gyvwz66yj30r545FdY-zpaCE79_SO9uWaVqUWUSSteMhzRYZEf7MfdfhNT1C3WFhrujJFvh7D2bY2WlB_dpTS7advTTauUy6kaX-mSuy_1qUR-r4R0CpGTEBIYV1XOFsfvltdA0N7B5si8R6AqYufpyTmKjyeYoNZrrfFkapHBBz8rgGppbrgjy4MniVmRQA7w6wpJmTHaY3GppXsq58yVTCdEoHZTlXAlRzqnKLgzmv3mlwSVnTHcij_ZJLLhgseZrxtxQf4pwiM_QqgK_WjMZnHVeAzveIhXztXDwA4HmEk0Kl5xIeXoxRG7QalyFsDGWFESnw9yYE2_aGQNQOPPhTs3xmbEpJwDmVZpO_3DWmQXRGDJBRVWegdtX78KX30E_GZtx7FRLllW0to1EAFwa-P5-kWxkPgNdK9g6YZ5Uj0a5YEq1xhX3i3YUsl_XzV-YpSaPwyYdyiBrvj-li8yBdWmihOKM9bCA_0VZMyc0txJd6IByWmoL-rD-aw2Vw7RG3JiK_DtT3wRJYXP2E_Fq0wUhQNeiaP-IpMys_tgV15Ngo_5TZKTW0ub-NMNXw2SsUuOM-v8Si0Zwek2lM0haXVrmQR_ckzGx4C7GE9rpetCnKHy3XuyJwCVSyKzm7qyslADJw4Rl4XHgg"",""timestamp"":1722874724242,""version"":""0.2.0""}"
mstile-144x144.png,t73Wikh2yjjHws4vfVBLadt0V6ap6zdDmMyX2zXrDd8,"{""id"":""t73Wikh2yjjHws4vfVBLadt0V6ap6zdDmMyX2zXrDd8"",""deadlineHeight"":1479982,""public"":""wZgP9Rpfh0nXb5EdzBUg7y2LFMkBp2ADX3gdZhLXHYbz4srlYD6FUGn6Tt-WsSYj8faUyA7bNKj9zzcXiN-bsMC73e0yoQ05A_5I2QnBAgCTuzXePvUVCvSCOg1vdh07hSjvSBd1XiWDHw2J-Z7m6lG3l56PDSCp8t-s0PduONcsjqOePFejzkaJymJxMYp7d0g0GL1i1MrBAbf5ohIobyTYQz7bRHLLUpdSgiCiHbSBp092cIQnHYXGBeWb-lBEtMT9Am5GsHeVXq4eL8H83NBPIN4fIOtwpl7zzBUeaD5lTc3UcXliMjFuFJurVmNhqsP_osJMceybk3VIjdP0biqLqt_nRupdPwwJGQ09iyGv0wfzMBlx7zTZ9pp77ZBX3cDnYmWt2IR-mIgOStfiEHu5BuwNGBvGt7-tzHJp9e6IOofN10apfiuF9iQEQ3gFVQDZ7owQ_IrCq5yWLP7ePwYoB2e7ZbvCkd4JM8oOgEMZkywTOx3gLASGKS7wqUerdlYacWRukqg5MmkQRbzJIiY23pPwrhQSWon5q91jbImO6vTaHVDZnd2GoMFlePAsceNO1MaLS6GMuY-EAwOtaX-R1QZUpJmCzWfV-77AmBmaPDCR0mm3f7jy-3yYSCMAkti4idHVq5dIhOJnibd_LEfQtkTAQ5MQlE4uoa5lkJs"",""signature"":""chMTqJqCqlmLrPsMwodjUckj4JCyyO6ThcWprYeAnTMSEgbbe_JEj8NjBbGP_Wy8yWItIqC_IT9a-09z9A7Z3h8_VS7tZz2YBSSmV8hhBVyQCqaNpsg8fp1S5LSeTXK8kWhX_4a9rrIYCJUjKhuTnkxY-7MIAyfAsRI14UGOokuTyqzkfyv8cLXDTAak_K4h0CnFeDjG92Y0Zaumwdi6XljIkL7SuSCc59qm6HApZsUlb6ou-gyqXyTcCfHHxUCMcJP-iTnLx6HRo8adJZGGL8D5bvi6_QZWyEiKXHzE-0myfbdCxc292BsG7lBf_eIHAxocmcWNdGkURW5hP7fmvasby7fmo2w40PXmAIL1lrOUx7C55hOCUnZ-bNNGFU7SN8JmJCb-dipgyO0_CBQ_JIZrs219gJ7VaUNSDYXG39ZB9s-o0mbXqJlWwbHcuTwfeQxOai28zYUz00pXnnwNtUsd9bHfjUhVIwLMyAavmmFiyaSN8hZDYgpC0r8dMBNei17dfb6QejYlM7Gea_Si2LbaD8wOnNUoZfYyHBq4KPjCqiKQ--njH1mfE5KN2FTLUO-e5moBjopektoKGvJe-J7DvQ_FZriJlLT9Cu0dwd1IaXJhmswWs02b4-zbI09s4ri1AG8d_ZvUfNQdLS57zR7gCMP5X7uvW13zCLYCYvM"",""timestamp"":1722874724289,""version"":""0.2.0""}"
safari-pinned-tab.svg,9ORX_MRJ9pzJe7sp5VdBo_aEk1PjrS4LdcT2KA-tWgE,"{""id"":""9ORX_MRJ9pzJe7sp5VdBo_aEk1PjrS4LdcT2KA-tWgE"",""deadlineHeight"":1479982,""public"":""wZgP9Rpfh0nXb5EdzBUg7y2LFMkBp2ADX3gdZhLXHYbz4srlYD6FUGn6Tt-WsSYj8faUyA7bNKj9zzcXiN-bsMC73e0yoQ05A_5I2QnBAgCTuzXePvUVCvSCOg1vdh07hSjvSBd1XiWDHw2J-Z7m6lG3l56PDSCp8t-s0PduONcsjqOePFejzkaJymJxMYp7d0g0GL1i1MrBAbf5ohIobyTYQz7bRHLLUpdSgiCiHbSBp092cIQnHYXGBeWb-lBEtMT9Am5GsHeVXq4eL8H83NBPIN4fIOtwpl7zzBUeaD5lTc3UcXliMjFuFJurVmNhqsP_osJMceybk3VIjdP0biqLqt_nRupdPwwJGQ09iyGv0wfzMBlx7zTZ9pp77ZBX3cDnYmWt2IR-mIgOStfiEHu5BuwNGBvGt7-tzHJp9e6IOofN10apfiuF9iQEQ3gFVQDZ7owQ_IrCq5yWLP7ePwYoB2e7ZbvCkd4JM8oOgEMZkywTOx3gLASGKS7wqUerdlYacWRukqg5MmkQRbzJIiY23pPwrhQSWon5q91jbImO6vTaHVDZnd2GoMFlePAsceNO1MaLS6GMuY-EAwOtaX-R1QZUpJmCzWfV-77AmBmaPDCR0mm3f7jy-3yYSCMAkti4idHVq5dIhOJnibd_LEfQtkTAQ5MQlE4uoa5lkJs"",""signature"":""oejnIexwgHDjuuN7042zgjmc5kytyyDekuhYmczCaK7m3NmoHmfgEOPM2HVakqBtOICKzaX3uwrZyNyuKBAhJrEuKCnm8ZjJAkdn6UF9PHlX8a-XhEBFKRJjbG2zyOrKK5C7twQzxoYXnEPwW8-Z2kxwzqDEvLz5VRgDNFrUWCCa8lw9LHE6oanFMrhxHP-RyCcCpMiXrw_3exOxj6UEdaoubWXaQHOxhI8P7A7GYCn1GRlcD2C-4H-L0_f0Yxq9UBHlP1-J1C3JMpCGZoMKLLWdeFzcT5cS7mob_tb2txzslyZ2ehi9T8j5jXTYnyTQR9YIZSsSA0m2f-5icyzi1EwWgedJ1apkxj--mUmh26p7cVlKXA1ZS-F1d0EECOq6xceKMSBl5TJXvTcQEL34LpZW3Np1YpNKOWCV6w0z62-kDHtlRyKzacrWnr6qoDPu2j-ZKezUfwucwClK5TxTUBhO0xrV8vqo91t5jxnCGiV7mReZU6OJiA8FObhAsMGEhqNrq7anZGSuH25uul8zzPDEi7WKnUdrL7wQMCl5jwrXQBQtTNuU58IQZawWJTnajILnA9dhElLFuFAnf2kcGPLGOTKCq0SSr5ly8FUrjda3j9_ElnqZn7XKcWhMWl5mIi-L8irdW1g3kNQWl18Ps-OOCJz05IsTuO2BGjNdHzU"",""timestamp"":1722874724317,""version"":""0.2.0""}"
mstile-310x310.png,eI__jX3vCOxrHCiHacldXQSQNv5hVWIkUK_dzleRwDA,"{""id"":""eI__jX3vCOxrHCiHacldXQSQNv5hVWIkUK_dzleRwDA"",""deadlineHeight"":1479982,""public"":""wZgP9Rpfh0nXb5EdzBUg7y2LFMkBp2ADX3gdZhLXHYbz4srlYD6FUGn6Tt-WsSYj8faUyA7bNKj9zzcXiN-bsMC73e0yoQ05A_5I2QnBAgCTuzXePvUVCvSCOg1vdh07hSjvSBd1XiWDHw2J-Z7m6lG3l56PDSCp8t-s0PduONcsjqOePFejzkaJymJxMYp7d0g0GL1i1MrBAbf5ohIobyTYQz7bRHLLUpdSgiCiHbSBp092cIQnHYXGBeWb-lBEtMT9Am5GsHeVXq4eL8H83NBPIN4fIOtwpl7zzBUeaD5lTc3UcXliMjFuFJurVmNhqsP_osJMceybk3VIjdP0biqLqt_nRupdPwwJGQ09iyGv0wfzMBlx7zTZ9pp77ZBX3cDnYmWt2IR-mIgOStfiEHu5BuwNGBvGt7-tzHJp9e6IOofN10apfiuF9iQEQ3gFVQDZ7owQ_IrCq5yWLP7ePwYoB2e7ZbvCkd4JM8oOgEMZkywTOx3gLASGKS7wqUerdlYacWRukqg5MmkQRbzJIiY23pPwrhQSWon5q91jbImO6vTaHVDZnd2GoMFlePAsceNO1MaLS6GMuY-EAwOtaX-R1QZUpJmCzWfV-77AmBmaPDCR0mm3f7jy-3yYSCMAkti4idHVq5dIhOJnibd_LEfQtkTAQ5MQlE4uoa5lkJs"",""signature"":""tLK2zANbYtMHYb2THt8B3fQopeV9-yFWfmm-KdYiGcc8uorvOOIUjxy-4A2VfWle3YC7dRy0lt5erQBYkBg-Wl7hmJZkpOBlVhD-5xirQH-2dJn4oB2L2y1Aa2JWg0YWiTm-uv-neZ66s1uujvjX6gR8Bv4elHtcMxZUm_Ja1C_Hk4_vst0J3Z9ahVSrvEb6IWarJw92kmL8QdGEUdGzRLZETKl0hRSqjoNADQof4jwIcmpvWbrGsZvePwcLEbm1nSDJ5XKMv51DLJQrZMOXPe9RLisQNucNKcyDr0hQTU1K-XmmyacedcMeHYThVTrJGY8qKkP459T7lX3jF6-K-avdUsUiRiygMcAX2n80jaclTJbJpF6FK2_FPAxx0T-NXfXOA_mEIju2rTULmp6n_gIZQHcI157OCH5Deo8DI80gNtDhp-UfHqpnbv0VXAKlCilpLdYbqbmiMNqkO8hfN1Aonrj_Zn7PmqcMksb8i03cp0AaFuru00JH6IWgD00QWzwZTpF8T8eIJga1cUCAhdgG-KN-qwOU9ASh_7TXjD0AjtuBmxPOWQML_hZbvjtiYi_gnkgQAwf01k1MrTwBE0oAE4WcVR9VDU9hSzw94-D73ES_eN0UGxEo5lwNh6O6wZkK6o0Bp-HXBioPSeNsRPg_cQPp5XE43cEL7jqbwcg"",""timestamp"":1722874724435,""version"":""0.2.0""}"
favicon.ico,3ZYQNv9K7jyT4NRoXv2kApkwUJa7vho9kBBL5IlRYLw,"{""id"":""3ZYQNv9K7jyT4NRoXv2kApkwUJa7vho9kBBL5IlRYLw"",""deadlineHeight"":1479982,""public"":""wZgP9Rpfh0nXb5EdzBUg7y2LFMkBp2ADX3gdZhLXHYbz4srlYD6FUGn6Tt-WsSYj8faUyA7bNKj9zzcXiN-bsMC73e0yoQ05A_5I2QnBAgCTuzXePvUVCvSCOg1vdh07hSjvSBd1XiWDHw2J-Z7m6lG3l56PDSCp8t-s0PduONcsjqOePFejzkaJymJxMYp7d0g0GL1i1MrBAbf5ohIobyTYQz7bRHLLUpdSgiCiHbSBp092cIQnHYXGBeWb-lBEtMT9Am5GsHeVXq4eL8H83NBPIN4fIOtwpl7zzBUeaD5lTc3UcXliMjFuFJurVmNhqsP_osJMceybk3VIjdP0biqLqt_nRupdPwwJGQ09iyGv0wfzMBlx7zTZ9pp77ZBX3cDnYmWt2IR-mIgOStfiEHu5BuwNGBvGt7-tzHJp9e6IOofN10apfiuF9iQEQ3gFVQDZ7owQ_IrCq5yWLP7ePwYoB2e7ZbvCkd4JM8oOgEMZkywTOx3gLASGKS7wqUerdlYacWRukqg5MmkQRbzJIiY23pPwrhQSWon5q91jbImO6vTaHVDZnd2GoMFlePAsceNO1MaLS6GMuY-EAwOtaX-R1QZUpJmCzWfV-77AmBmaPDCR0mm3f7jy-3yYSCMAkti4idHVq5dIhOJnibd_LEfQtkTAQ5MQlE4uoa5lkJs"",""signature"":""wAbuTHEucpXhQgpmh1daHwOMEuZRslHjCKtCHmnEZV3e3vUwQYe9thScsRrYlFRmZr-UsHM02sjx8Iq_IB3X5JYYeTpjiLWop2DZc4kXm7aO7J6bAvwC2D0j8oTWr7l-BzVz8TKt9nqVXZ6qKYNr-jf7ZmkV39aiG54XYQu89Alo2uVYowt8eY4RdlbgzKNocDA5dBCLfntTVshmFVlFA96GBL3gP5cUek7nS_ekXUEF5M8hsEAIycrA6NRQV_4JGkLTg_DNAG9GPfihZhCQAWJ7vF8hMw4pnUXmW3fV1E6fyxfgxzwIknBu6HS27HOluWl3HdDtGPH5BAWLoWOaZu8hbGLxCAbywedHnlc3DyWUhpGJEBTs4JqYP7OiDHdxIaAwJodyKr5iERlz7y_YvFXWV6FYyJq5J0bN91vjGFq5S19rclxM71waGwByA8o6Vj9Q1JO65Gj4F7RY-Y4FZaMX7obVjaA1NK57KzROG4zweoSWmqEthxKa9TrBlOFMm-IrcPOjDDTWAIEefuVoWupNukCYqpHxFyzVIuKwJz6b-rIrXxzYRaxU0cFDpO5_rZ0DG8cA_Rc75ztREPLpCQOtK9qT_tMIfXBkcb6lFzSIKddf1Ya4RBedzv8XDsyKnrg6-LZc6H6cDBXkWJRIx7_t7712zwK2TnFXQ-f96MY"",""timestamp"":1722874724452,""version"":""0.2.0""}"
apple-touch-icon.png,MBaDrXBcKQm6NChCtuRsIBimiQt_OdZbpJ3P4DCL19E,"{""id"":""MBaDrXBcKQm6NChCtuRsIBimiQt_OdZbpJ3P4DCL19E"",""deadlineHeight"":1479982,""public"":""wZgP9Rpfh0nXb5EdzBUg7y2LFMkBp2ADX3gdZhLXHYbz4srlYD6FUGn6Tt-WsSYj8faUyA7bNKj9zzcXiN-bsMC73e0yoQ05A_5I2QnBAgCTuzXePvUVCvSCOg1vdh07hSjvSBd1XiWDHw2J-Z7m6lG3l56PDSCp8t-s0PduONcsjqOePFejzkaJymJxMYp7d0g0GL1i1MrBAbf5ohIobyTYQz7bRHLLUpdSgiCiHbSBp092cIQnHYXGBeWb-lBEtMT9Am5GsHeVXq4eL8H83NBPIN4fIOtwpl7zzBUeaD5lTc3UcXliMjFuFJurVmNhqsP_osJMceybk3VIjdP0biqLqt_nRupdPwwJGQ09iyGv0wfzMBlx7zTZ9pp77ZBX3cDnYmWt2IR-mIgOStfiEHu5BuwNGBvGt7-tzHJp9e6IOofN10apfiuF9iQEQ3gFVQDZ7owQ_IrCq5yWLP7ePwYoB2e7ZbvCkd4JM8oOgEMZkywTOx3gLASGKS7wqUerdlYacWRukqg5MmkQRbzJIiY23pPwrhQSWon5q91jbImO6vTaHVDZnd2GoMFlePAsceNO1MaLS6GMuY-EAwOtaX-R1QZUpJmCzWfV-77AmBmaPDCR0mm3f7jy-3yYSCMAkti4idHVq5dIhOJnibd_LEfQtkTAQ5MQlE4uoa5lkJs"",""signature"":""SsUC3gESAdZ4GVN5if31h7frrVyIVBm4ilNhV1yqklKR6rGEWbEUK1u0v84NLNPt3TLOkyAgZxRmonIApUtkazIxgjfTlHA_4yDXJdbOCXcQLMZFWJSN8hwy_2FkxaynFJsx78VipwqDCOTkFGmIKdmKZi6-b2v-IO0Z-rq2QPIwfBfscbinRvDjfEQknI7DEqJiSbIYpSLyFLQUGioaQtQd_lFB9qcefigr_WB79Ec3gIqKLqVt_6ZstCvgC0xXvOSX1s7-0i1FReh-eP4DGkn-YvhtwusNkwXKmqrMuFrl4zRqAt-nTj-z-dM5yJDGhYRPCWzK7CxadMgFpQpm5e5QmMFK2Y8RK-HYGlm-HVdQrzsArLc_svE3qhRPiCgGaCn6MxYwITC0U3igyED-zmfa0Dvx9e5M9yhz0AoogU4-ghHOAE3AErkdJ4w8TCh0bD-YjZK7rngIIkIavJelQ9nBcqOufCWKz7kbCGpdEeC2-rBqgXEj31qiSSNxCyY4gUNkLW05I1UEjvIcyV2gZR73eIX1vGj26BLZ9pmcDd4C27YlQPDsaVs4qVZvx2OYg9Ol1Y248Roj9zXvq8qKQgru74p1gZfAdNdysIWAZlRNeHOUhaCeqxQk31b7Pxhm9vQMtvZPtskApUHeITQqTt9kLtKxXwuLSNc3KMs1h8k"",""timestamp"":1722874725299,""version"":""0.2.0""}"
index.html,tJ9jepeC0oYqmQL0254rRWFpoqiEKMJhiVMU1PBrt3Q,"{""id"":""tJ9jepeC0oYqmQL0254rRWFpoqiEKMJhiVMU1PBrt3Q"",""deadlineHeight"":1479982,""public"":""wZgP9Rpfh0nXb5EdzBUg7y2LFMkBp2ADX3gdZhLXHYbz4srlYD6FUGn6Tt-WsSYj8faUyA7bNKj9zzcXiN-bsMC73e0yoQ05A_5I2QnBAgCTuzXePvUVCvSCOg1vdh07hSjvSBd1XiWDHw2J-Z7m6lG3l56PDSCp8t-s0PduONcsjqOePFejzkaJymJxMYp7d0g0GL1i1MrBAbf5ohIobyTYQz7bRHLLUpdSgiCiHbSBp092cIQnHYXGBeWb-lBEtMT9Am5GsHeVXq4eL8H83NBPIN4fIOtwpl7zzBUeaD5lTc3UcXliMjFuFJurVmNhqsP_osJMceybk3VIjdP0biqLqt_nRupdPwwJGQ09iyGv0wfzMBlx7zTZ9pp77ZBX3cDnYmWt2IR-mIgOStfiEHu5BuwNGBvGt7-tzHJp9e6IOofN10apfiuF9iQEQ3gFVQDZ7owQ_IrCq5yWLP7ePwYoB2e7ZbvCkd4JM8oOgEMZkywTOx3gLASGKS7wqUerdlYacWRukqg5MmkQRbzJIiY23pPwrhQSWon5q91jbImO6vTaHVDZnd2GoMFlePAsceNO1MaLS6GMuY-EAwOtaX-R1QZUpJmCzWfV-77AmBmaPDCR0mm3f7jy-3yYSCMAkti4idHVq5dIhOJnibd_LEfQtkTAQ5MQlE4uoa5lkJs"",""signature"":""IprEHpj1uuD6sWgGAkRtAqoHwKK7s1EcVyWX2td7tO_i5bUBvrno2Gv0Tz2H8UpFXlHXUq3bPqmFP3B7jnRhgFC7ojcVaG1EmMNgeFuo7LzYMsSNJFAjvhcjmDdHENifcR0vi-GSI5PRWfaEXYcHZx3hf31n1EbFsWB-6CXtfUva9svPfStN0L3WixQdTwQ4ldWsno1HItXV5G5ZSqDXJfSI5lxASsj10qmJsAsqJz24i7j1vkHOePNRXsa75Na8iCB5_OnKgXt8H60BDHgZarEVuOy9bVl7pHXGrddHREHlSOmczSu11LiotZBmGgtZyLZfU_GprVsA2Q_6L-MJRf8-FbDeR0d-nIigfJcz0X2DXh-xLSBFlPFRU2JvNvFuG2v4MqpxTMM3wc_oo5lMyExUUMmsq32_a9drxHQb8X-Wm8vZvmsf4g_yjsntYIKC-qXlEULup2BmZhCLkT-9ZQ027ceRplR-DUkSNjl9xgk0SQQKnnYAe1RuDQcYUOjPx4Hurp5vcyFKl0SfxAhhNR_a3riLPy7sYee99w-cPesNhldlY0S-b2RjSsFq4MiOjsNL8__iUVNUS8DHqICKRQC6CNkYh32X8p3I2-gZwwyXHbCgxozDxu1xsfQtHkdyGhDkVSbxYnDcRIyPIy8NGZ9sY6_e9D6Rmg7JQUNccyQ"",""timestamp"":1722874725479,""version"":""0.2.0""}"
android-chrome-192x192.png,i_5kEHvfsfckCDrRDmb9-2tCe_voU8gSEQ7bLuF4CGw,"{""id"":""i_5kEHvfsfckCDrRDmb9-2tCe_voU8gSEQ7bLuF4CGw"",""deadlineHeight"":1479982,""public"":""wZgP9Rpfh0nXb5EdzBUg7y2LFMkBp2ADX3gdZhLXHYbz4srlYD6FUGn6Tt-WsSYj8faUyA7bNKj9zzcXiN-bsMC73e0yoQ05A_5I2QnBAgCTuzXePvUVCvSCOg1vdh07hSjvSBd1XiWDHw2J-Z7m6lG3l56PDSCp8t-s0PduONcsjqOePFejzkaJymJxMYp7d0g0GL1i1MrBAbf5ohIobyTYQz7bRHLLUpdSgiCiHbSBp092cIQnHYXGBeWb-lBEtMT9Am5GsHeVXq4eL8H83NBPIN4fIOtwpl7zzBUeaD5lTc3UcXliMjFuFJurVmNhqsP_osJMceybk3VIjdP0biqLqt_nRupdPwwJGQ09iyGv0wfzMBlx7zTZ9pp77ZBX3cDnYmWt2IR-mIgOStfiEHu5BuwNGBvGt7-tzHJp9e6IOofN10apfiuF9iQEQ3gFVQDZ7owQ_IrCq5yWLP7ePwYoB2e7ZbvCkd4JM8oOgEMZkywTOx3gLASGKS7wqUerdlYacWRukqg5MmkQRbzJIiY23pPwrhQSWon5q91jbImO6vTaHVDZnd2GoMFlePAsceNO1MaLS6GMuY-EAwOtaX-R1QZUpJmCzWfV-77AmBmaPDCR0mm3f7jy-3yYSCMAkti4idHVq5dIhOJnibd_LEfQtkTAQ5MQlE4uoa5lkJs"",""signature"":""e9meXashleaB1T6OGISt9miRquYWTCMZO-KDQdZFQmMwM1aDx_7HgV9TmEdxNWjAzwNkIybuOVkcUTzDa6i74-sueSpwxp18cGOsPsGxNXv3OPxooXvN-HecA_YGSvi43SJXG4_n8Y3Am80zms18P5lvTS0ThylmmtPHUFBPRJCTCPkGJXbUgu9dt2-Q78z3nvjZXWpBgcILmfuetigcpa4zFNuHWaIms_tJrcVwll08KGvxDEqpUcBLokeRwdjxjad2_z85Au9aRaSzQ3rymEjQEcsgcT2TtIIthVP0-B5l5G1-jP6O_B7C_zuo3nsJYXhO-RnD89EJqHwqVWqTj1lk6vrg1yjwJ11jrK1guLcxjPxDDJ_EcEPbeE2a9phIScfve_R6kbMeezk1EhmVseYKaEjWxz_D3FxCxdsR8jbTADcHSQVknu7AmYjG4vr2CMBqG_nH-AlrMbUPK7BJCQfAS2_vEHZumWa-oaRFt81a3jqBJDHIy3-BrWi5IF_PIg6tyvGMD39nY69aDFaKx1slFRSMjNsdHOJ7teqKgIQcaNua5HzpkyXWMeAysI23sfLNRhqMlnvggxfFB-q8C8mEGUuv3UBXFwQH9gALrB_f00TSu-iIhmkC2nX8BbxN7KS0NDFYHxf7Lm711O5rrsvhvn-IwihbG2HMPToB7MA"",""timestamp"":1722874725560,""version"":""0.2.0""}"
mstile-70x70.png,xr4Z_DXZ_NpWn1ssmIpbQFntnGiFHFLiOoLYq5CWghQ,"{""id"":""xr4Z_DXZ_NpWn1ssmIpbQFntnGiFHFLiOoLYq5CWghQ"",""deadlineHeight"":1479982,""public"":""wZgP9Rpfh0nXb5EdzBUg7y2LFMkBp2ADX3gdZhLXHYbz4srlYD6FUGn6Tt-WsSYj8faUyA7bNKj9zzcXiN-bsMC73e0yoQ05A_5I2QnBAgCTuzXePvUVCvSCOg1vdh07hSjvSBd1XiWDHw2J-Z7m6lG3l56PDSCp8t-s0PduONcsjqOePFejzkaJymJxMYp7d0g0GL1i1MrBAbf5ohIobyTYQz7bRHLLUpdSgiCiHbSBp092cIQnHYXGBeWb-lBEtMT9Am5GsHeVXq4eL8H83NBPIN4fIOtwpl7zzBUeaD5lTc3UcXliMjFuFJurVmNhqsP_osJMceybk3VIjdP0biqLqt_nRupdPwwJGQ09iyGv0wfzMBlx7zTZ9pp77ZBX3cDnYmWt2IR-mIgOStfiEHu5BuwNGBvGt7-tzHJp9e6IOofN10apfiuF9iQEQ3gFVQDZ7owQ_IrCq5yWLP7ePwYoB2e7ZbvCkd4JM8oOgEMZkywTOx3gLASGKS7wqUerdlYacWRukqg5MmkQRbzJIiY23pPwrhQSWon5q91jbImO6vTaHVDZnd2GoMFlePAsceNO1MaLS6GMuY-EAwOtaX-R1QZUpJmCzWfV-77AmBmaPDCR0mm3f7jy-3yYSCMAkti4idHVq5dIhOJnibd_LEfQtkTAQ5MQlE4uoa5lkJs"",""signature"":""e1mYC81mISPMRJ5dXrOR53Oy0ZP2vM9KBGcQADE-nfrl13N3AaJvcaKe8KHK0tq_kDQjGkdcUT6qqfVz2fPUwjjQCFzA1cpMfTBsOKF-BVMu-Dz5b5DrKK-cpAmSGxEe18azd0oLrmOYUDZ6pXTNswCRzP33-xF5DjBG0ru3x3AAoUGNHXLZz_tVhtW3pEd4OK0KR7RP9HTSkX9UWHvhNWn3EC0X_YTNlw2fdRsAz_6lff3HvnoprwNS3-yCIt2osftIa0qxQ3_wKda6m4GtWhoexoL0pfSy5CCI5wUgYkr_uq74-L5d0PLFYG-_YUpRvcRIFmLHsNAsM3iATzJ7OoY-eiIuT68QqS8exjTrl9Bb5z6rgHqKVpRGP8t0CJIyjOg_eI0Iv4YeBbg82aWTq6S1xxZ8-PJBqJohBNBOCS7kUQW73fiYp34GyrVEyGYC6Q4fwoo2DSeTkoyqQ1ATG2_Tp1VKHNj7FpVb4JicGrTO73rVgChfh8w_3I2H0nluY1yj4_bvKpzSs3jt8JIUYI1X099ajANLGrcdbudEzXvkdOsq7RIxmZS-VrVctrRkfRYLENh3z5A0VUJhGX2WSfP5F7Wj1CUy6kNGCKw40BJTpGYujrOHX5AuNtsXZxjmuPjHL5AQwsP892leIPwtandG6j6Nse9aW0rSjSqdlYA"",""timestamp"":1722874725675,""version"":""0.2.0""}"
arcadia_logo_black.svg,lxrF2EtpURU7TySiiFQlxXhTMm_L3GSexxx9QrdrSSg,"{""id"":""lxrF2EtpURU7TySiiFQlxXhTMm_L3GSexxx9QrdrSSg"",""deadlineHeight"":1479982,""public"":""wZgP9Rpfh0nXb5EdzBUg7y2LFMkBp2ADX3gdZhLXHYbz4srlYD6FUGn6Tt-WsSYj8faUyA7bNKj9zzcXiN-bsMC73e0yoQ05A_5I2QnBAgCTuzXePvUVCvSCOg1vdh07hSjvSBd1XiWDHw2J-Z7m6lG3l56PDSCp8t-s0PduONcsjqOePFejzkaJymJxMYp7d0g0GL1i1MrBAbf5ohIobyTYQz7bRHLLUpdSgiCiHbSBp092cIQnHYXGBeWb-lBEtMT9Am5GsHeVXq4eL8H83NBPIN4fIOtwpl7zzBUeaD5lTc3UcXliMjFuFJurVmNhqsP_osJMceybk3VIjdP0biqLqt_nRupdPwwJGQ09iyGv0wfzMBlx7zTZ9pp77ZBX3cDnYmWt2IR-mIgOStfiEHu5BuwNGBvGt7-tzHJp9e6IOofN10apfiuF9iQEQ3gFVQDZ7owQ_IrCq5yWLP7ePwYoB2e7ZbvCkd4JM8oOgEMZkywTOx3gLASGKS7wqUerdlYacWRukqg5MmkQRbzJIiY23pPwrhQSWon5q91jbImO6vTaHVDZnd2GoMFlePAsceNO1MaLS6GMuY-EAwOtaX-R1QZUpJmCzWfV-77AmBmaPDCR0mm3f7jy-3yYSCMAkti4idHVq5dIhOJnibd_LEfQtkTAQ5MQlE4uoa5lkJs"",""signature"":""GB4Z3hdo24PDUSKf2vBG_Xatdp_LLF_ohcjyxsRsO9If8ar4WGROeUIWPhSs01hSymxKu-ko7Nietvg6qs9vBpDigSchDhF9HbHb_090teuAFdnrLf3fMWxV8RPSCQ_OQFzxc8bEDCrflhg8RQ1PkGq-y-Gp-40TEUTYmKdgXN11ct_Ili-aIlHGPUhDmwWf-EERkKc790k2zIyPMaJ_6n_qVE2bNvWfwbNKao52WKsQDUyqElU73I9itymzHg7_0Z6Czl-1IJh1JZdl1WdOUJZXfCD4W8spiUUmm-rKPSzoZjtYitX0A5ReZ30EY6CnwoAi6UAtS3fZ9GRv5xFR-laTtk2KHw5piz7A34Oy8wOguGQ90bIwPFfC9hyaV0OeD-ePNbc5VRX9-klysXhSghwShidMdRDhLfo4CUjDvOJbEhL16g_kwhR8Sao9oxxagAeYQO30unnlgf64uOM2Ig0YDhDKoLS_t0iat_xY6-bw0EMCG09Kkn1nYibtPlC6lLEjxzPOPmP6vuPfxscHXaf-uKjaD3mSjqNJOAtm29hIYaKv3f6drjRgvvtp2BGC-ky7YuUbexiPcJN-juGKOtT9WyS9gsxItZWWm0qqaxgYac3vGeJEK6_8xCdMQIa3lVPi63fAgYBmm_FAq2J0i8FnR_hoewg1cIsvtX72y6w"",""timestamp"":1722874725746,""version"":""0.2.0""}"
arcade_logo_light.svg,ri7HAyx8StO3JPHmQdElbOKpz_PMzCMufOq9Hfmlb58,"{""id"":""ri7HAyx8StO3JPHmQdElbOKpz_PMzCMufOq9Hfmlb58"",""deadlineHeight"":1479982,""public"":""wZgP9Rpfh0nXb5EdzBUg7y2LFMkBp2ADX3gdZhLXHYbz4srlYD6FUGn6Tt-WsSYj8faUyA7bNKj9zzcXiN-bsMC73e0yoQ05A_5I2QnBAgCTuzXePvUVCvSCOg1vdh07hSjvSBd1XiWDHw2J-Z7m6lG3l56PDSCp8t-s0PduONcsjqOePFejzkaJymJxMYp7d0g0GL1i1MrBAbf5ohIobyTYQz7bRHLLUpdSgiCiHbSBp092cIQnHYXGBeWb-lBEtMT9Am5GsHeVXq4eL8H83NBPIN4fIOtwpl7zzBUeaD5lTc3UcXliMjFuFJurVmNhqsP_osJMceybk3VIjdP0biqLqt_nRupdPwwJGQ09iyGv0wfzMBlx7zTZ9pp77ZBX3cDnYmWt2IR-mIgOStfiEHu5BuwNGBvGt7-tzHJp9e6IOofN10apfiuF9iQEQ3gFVQDZ7owQ_IrCq5yWLP7ePwYoB2e7ZbvCkd4JM8oOgEMZkywTOx3gLASGKS7wqUerdlYacWRukqg5MmkQRbzJIiY23pPwrhQSWon5q91jbImO6vTaHVDZnd2GoMFlePAsceNO1MaLS6GMuY-EAwOtaX-R1QZUpJmCzWfV-77AmBmaPDCR0mm3f7jy-3yYSCMAkti4idHVq5dIhOJnibd_LEfQtkTAQ5MQlE4uoa5lkJs"",""signature"":""vmB5eNFNmFnQ99s5xJk3Vl3CN-6MbYgnE3QljVD-ku1DdcFKBfPO2x0hvJnkY72Pyvz31Rn7YIi3nIv5gf-DEn6a6ai9izj0CMqFIY0NwFqlLZUMsKL7S6byqmKTiS8Cmb0fWzEZsfMt2TfbDtlesJjv-FDO73z5z0Z9sVtcEuxtXsrCidW8bKs4Q2l9y7eZ__X-8hwDirxqxC3bsPi_oj5RIT_W667FlnBoIRN_xfZQqYlrcXtWQ4KsYLjcA6-2TkLShie_frECxEXObF8QeISXKaFM62grcgTOBdbgJ9Q4pU3mhC6tze54njcO0HPDqXjkt89FK0fiCcopWeftaKJKb6o8SdYwBk-aYpMeq5TMoeJ7vi1U4XIbutWLGiD1mjMl3vYE8OL_nK0HCeZwpENBMnSXGuEXaMvEIYOMD060r3MsbsITNIi4s2gnAQijHoRSqmFyvT85h8C2oEa7dmfeEnenf8kppY3TtNrHS2uq5c47FcxIMFc3Ln4oJD_m6am-yVYoEtUaXMfPnS2tpQPj343hUf-qvJdQcFYOegS03LwScGFfr9gbHy6mz79mXr5hoOpgWtgvVv0onNH6R3wEpGG0Mn5_XmeqeBcZnqXQTgUbGT_6TwI0bOmE67-6ffiGj8EjxqyZEWT9v1j7pUGi_CWbQPf940BY-IuKa3s"",""timestamp"":1722874726248,""version"":""0.2.0""}"
mstile-310x150.png,AILpXbN91RYgVyVIUg4KE7lhu0DfCGdfBcmUhFgb3DA,"{""id"":""AILpXbN91RYgVyVIUg4KE7lhu0DfCGdfBcmUhFgb3DA"",""deadlineHeight"":1479982,""public"":""wZgP9Rpfh0nXb5EdzBUg7y2LFMkBp2ADX3gdZhLXHYbz4srlYD6FUGn6Tt-WsSYj8faUyA7bNKj9zzcXiN-bsMC73e0yoQ05A_5I2QnBAgCTuzXePvUVCvSCOg1vdh07hSjvSBd1XiWDHw2J-Z7m6lG3l56PDSCp8t-s0PduONcsjqOePFejzkaJymJxMYp7d0g0GL1i1MrBAbf5ohIobyTYQz7bRHLLUpdSgiCiHbSBp092cIQnHYXGBeWb-lBEtMT9Am5GsHeVXq4eL8H83NBPIN4fIOtwpl7zzBUeaD5lTc3UcXliMjFuFJurVmNhqsP_osJMceybk3VIjdP0biqLqt_nRupdPwwJGQ09iyGv0wfzMBlx7zTZ9pp77ZBX3cDnYmWt2IR-mIgOStfiEHu5BuwNGBvGt7-tzHJp9e6IOofN10apfiuF9iQEQ3gFVQDZ7owQ_IrCq5yWLP7ePwYoB2e7ZbvCkd4JM8oOgEMZkywTOx3gLASGKS7wqUerdlYacWRukqg5MmkQRbzJIiY23pPwrhQSWon5q91jbImO6vTaHVDZnd2GoMFlePAsceNO1MaLS6GMuY-EAwOtaX-R1QZUpJmCzWfV-77AmBmaPDCR0mm3f7jy-3yYSCMAkti4idHVq5dIhOJnibd_LEfQtkTAQ5MQlE4uoa5lkJs"",""signature"":""fSWBK5E2I4D_1cMn2_Otua0AUvh7awrfW5gv1sTNwx1UNq_kd0jOn4FxXZb2KWPPxDWpWlMoFpyx7ChAKzwJtNHQVmLU2lFzUZeCmvNIRE8CbnjBkeQzMYfB8vCXyHL_bia-2-BhUA72eL2SdNy8SU2mmZ9OLoONg49GnYyiFpVRe3ukJYqGcbw_OxF4vC7mkpcryzgQTZjqX6fQGk2GnwwNws3krxPcgju_yjhaeOY_kUkSiJhqml61Ancm6juPXtOT5Iv2uLoroDb0Nu8DCTAMnDFq2zn-ebsRiXBj6mSgAFIeTW2u2HV_yKlfHcF7Lisl6DJWCs0tupnxmI0u6gd5dgjqkNnX6iD6wD0zWzQ8DrWq5lLRcrDex9mG-7j609JP1XtywJjgr6Wa91vUM812JZt_aUycXBT42Lki0S9GSyaZuqrsaYIZJpsEryMksTTGkRPfUvx8wVfH9gD1E5ZPqd2IyCUABU0PULXuXY0wYk8ZNpYOGJ6qLlMt_DvzHYcUzoZQ16RR-rOnmqlqYdP3seaEeAGq7Vdf4UyOijXCe1jZlyTOF90o42KNqy3uGUTMtH8zA5XvEJ_paTAetDBApz9odvE6sJy9SYup1m4fQHUkvYrfK1wdjYghD4ymD4f2apNE2aucN8i5DdNdTZuqFRCUWrcztoYBSSbyFXo"",""timestamp"":1722874726502,""version"":""0.2.0""}"
thirteen.svg,vO9xREAFffIcxHmaWbYJoBdI9kQ-AASkOqgtkPo17Uc,"{""id"":""vO9xREAFffIcxHmaWbYJoBdI9kQ-AASkOqgtkPo17Uc"",""deadlineHeight"":1479982,""public"":""wZgP9Rpfh0nXb5EdzBUg7y2LFMkBp2ADX3gdZhLXHYbz4srlYD6FUGn6Tt-WsSYj8faUyA7bNKj9zzcXiN-bsMC73e0yoQ05A_5I2QnBAgCTuzXePvUVCvSCOg1vdh07hSjvSBd1XiWDHw2J-Z7m6lG3l56PDSCp8t-s0PduONcsjqOePFejzkaJymJxMYp7d0g0GL1i1MrBAbf5ohIobyTYQz7bRHLLUpdSgiCiHbSBp092cIQnHYXGBeWb-lBEtMT9Am5GsHeVXq4eL8H83NBPIN4fIOtwpl7zzBUeaD5lTc3UcXliMjFuFJurVmNhqsP_osJMceybk3VIjdP0biqLqt_nRupdPwwJGQ09iyGv0wfzMBlx7zTZ9pp77ZBX3cDnYmWt2IR-mIgOStfiEHu5BuwNGBvGt7-tzHJp9e6IOofN10apfiuF9iQEQ3gFVQDZ7owQ_IrCq5yWLP7ePwYoB2e7ZbvCkd4JM8oOgEMZkywTOx3gLASGKS7wqUerdlYacWRukqg5MmkQRbzJIiY23pPwrhQSWon5q91jbImO6vTaHVDZnd2GoMFlePAsceNO1MaLS6GMuY-EAwOtaX-R1QZUpJmCzWfV-77AmBmaPDCR0mm3f7jy-3yYSCMAkti4idHVq5dIhOJnibd_LEfQtkTAQ5MQlE4uoa5lkJs"",""signature"":""nZnHRLPi3zhP2tVzPLw9XDyWKr5xGvjmJ6mb_Ide0JWV9XMWNzEFUZFUKiqfgg7_QU1Hq68REGfVmkIRazLZxyyExFgYbipeubFSuFoWuKxqwaBFCu1cmClSeLg9O11YB49EE6wSD5KkD3uQl6eHq4jhiqKfrYuA-TN_xIOJAsjcmByAt9YqrcSb4y-aM-qjUc2lpDg_5nhLA07EhOAsCi0JUoJDzsE3MUxgAnMDhhhSWsVOpH_jnAbaJbUVam-E8DMvGsuPyKUdcEU6Czdy7tvm1wxH4m-0o0iKc6nviaYOrwHoMX8NkKgecS_i0CVAznoUiZNG2Fg_6sNp7hmZwoGITjV3zweeWIjrgfl8HtitPhPxcQqkzDTLoMIHUCwHE-PVeODA0QYLaDrCdulQm-HZJVk_FzfOiC9t5o572NyMbMhNInDGTI5fqd-6fSgQYfsrnmBfGHv2husf5xtelas4NADV2T1uk30UKnANemPIQGpajQJaKq7ISKpzuAQLKrEwsFHcTV2JcZm7zgRsG-FveAfJ8TAfz5VCqYfE-eGSzSbh7uj_p88GRyI9U7aRzmo5uATswsd_N-ZWDJVYeLWT5PkA5QB6cfdPWM7RltuhNMkaaqaC1daSeLNNiqOz4l7MZgtkj7T5s5RBnetHqpzFtC7tO92luIOvntyXYoM"",""timestamp"":1722874726551,""version"":""0.2.0""}"
arcadia_logo_text_white.svg,Fvx77NyfuDzE2VMSMSDCG9JPTFLI555GEskChT4oZCI,"{""id"":""Fvx77NyfuDzE2VMSMSDCG9JPTFLI555GEskChT4oZCI"",""deadlineHeight"":1479982,""public"":""wZgP9Rpfh0nXb5EdzBUg7y2LFMkBp2ADX3gdZhLXHYbz4srlYD6FUGn6Tt-WsSYj8faUyA7bNKj9zzcXiN-bsMC73e0yoQ05A_5I2QnBAgCTuzXePvUVCvSCOg1vdh07hSjvSBd1XiWDHw2J-Z7m6lG3l56PDSCp8t-s0PduONcsjqOePFejzkaJymJxMYp7d0g0GL1i1MrBAbf5ohIobyTYQz7bRHLLUpdSgiCiHbSBp092cIQnHYXGBeWb-lBEtMT9Am5GsHeVXq4eL8H83NBPIN4fIOtwpl7zzBUeaD5lTc3UcXliMjFuFJurVmNhqsP_osJMceybk3VIjdP0biqLqt_nRupdPwwJGQ09iyGv0wfzMBlx7zTZ9pp77ZBX3cDnYmWt2IR-mIgOStfiEHu5BuwNGBvGt7-tzHJp9e6IOofN10apfiuF9iQEQ3gFVQDZ7owQ_IrCq5yWLP7ePwYoB2e7ZbvCkd4JM8oOgEMZkywTOx3gLASGKS7wqUerdlYacWRukqg5MmkQRbzJIiY23pPwrhQSWon5q91jbImO6vTaHVDZnd2GoMFlePAsceNO1MaLS6GMuY-EAwOtaX-R1QZUpJmCzWfV-77AmBmaPDCR0mm3f7jy-3yYSCMAkti4idHVq5dIhOJnibd_LEfQtkTAQ5MQlE4uoa5lkJs"",""signature"":""Mjfrq2O7gfezPBKVrS9gHJyxrn-yvVyXfK0vKhIK6gdwLocX1CrJ3QgRYUzjdzEd1AUPFeAczska8Stb4_2Sfz3lV1L0I7feiXEB3jNJ3tr__fVF4P6AxbMqd04rgEynn5D6UQ-84ONdS-smL_p_OHdtz7-FRmXZDgWE7cJUzUdh2-Wuc6uSzBchIp8t0bZJJ347EtestrimSXVsRVR9J4WZo0JV2plAABLFUNKkQa1EB-kYaIlMtDCGRJvECi8QQ3IU_ZN3sSovBQt5pWhqVk2XAwFrm22lm7iSTS-4Z7knjbVr1P1X__6q1nECcaDdCPZM7I3o1bQkf2CZVf-40NQuRzBqsJe-_NbnuQq8nbhxGwlx7OSIxTuZN6T3cNiPX1DSMLMhkiqc4OzQx_v5qS5QJ_buRAHniXWUdu-6bq8SNvqMVCR8cQ82S9k67q4QinG3OqGq_sZeTKUvk_eHSpmNry5SS4jnPeHExH_h7UhTZhWcetI9SoyaqMTKFrZW4ZkrBh0sP1RHNOpSu4xNs5ODlarQyh3wBfHWf-h5eneosNPrluq3ecfgDp4jGwigPJ8Rxxws2ivmoBKSI4ehctKj0V4HmD8ZKMVDDt22eH5Au8ClHSQKq5xNScM0bkSn4qi2oMARLEBZwpXWd2qRg3IbqF1UTxzvMTwqeGkfUoo"",""timestamp"":1722874726911,""version"":""0.2.0""}"
android-chrome-512x512.png,6ha3M6aZYbYvTlxRQYipQPD2qaCFH03vpTFk7hOwZIo,"{""id"":""6ha3M6aZYbYvTlxRQYipQPD2qaCFH03vpTFk7hOwZIo"",""deadlineHeight"":1479982,""public"":""wZgP9Rpfh0nXb5EdzBUg7y2LFMkBp2ADX3gdZhLXHYbz4srlYD6FUGn6Tt-WsSYj8faUyA7bNKj9zzcXiN-bsMC73e0yoQ05A_5I2QnBAgCTuzXePvUVCvSCOg1vdh07hSjvSBd1XiWDHw2J-Z7m6lG3l56PDSCp8t-s0PduONcsjqOePFejzkaJymJxMYp7d0g0GL1i1MrBAbf5ohIobyTYQz7bRHLLUpdSgiCiHbSBp092cIQnHYXGBeWb-lBEtMT9Am5GsHeVXq4eL8H83NBPIN4fIOtwpl7zzBUeaD5lTc3UcXliMjFuFJurVmNhqsP_osJMceybk3VIjdP0biqLqt_nRupdPwwJGQ09iyGv0wfzMBlx7zTZ9pp77ZBX3cDnYmWt2IR-mIgOStfiEHu5BuwNGBvGt7-tzHJp9e6IOofN10apfiuF9iQEQ3gFVQDZ7owQ_IrCq5yWLP7ePwYoB2e7ZbvCkd4JM8oOgEMZkywTOx3gLASGKS7wqUerdlYacWRukqg5MmkQRbzJIiY23pPwrhQSWon5q91jbImO6vTaHVDZnd2GoMFlePAsceNO1MaLS6GMuY-EAwOtaX-R1QZUpJmCzWfV-77AmBmaPDCR0mm3f7jy-3yYSCMAkti4idHVq5dIhOJnibd_LEfQtkTAQ5MQlE4uoa5lkJs"",""signature"":""FZ6R_1nL3cv7tL72OA-HK07G7hYp8BsiinKvvEiFqZOr3yHLDreTADuKDPPFtnpwYHOcGtMPVfhbWU8VGAYDUcw4RcWT3tzT8vNIN_yUyai2HHLhW3e9bonyizmhjclP_F509u1SbX37YuZDqyFWrgQkbflioq6w2BHdjtlgflg9ieMMxmVGcVXlpQgohbShdG_QJ-ZHHAyNtF2ASokO22Og-rBS2pJGgN0yq_8BFxJJs-s46VGH9Qw8IxzvRJedKm4zsDq2Pyd_vdXEys-eErHmD37xC4cPRq3hAygglwtqow-eSlkUhKiiZwo8uv96OpQBGeb8cAnuQnl5-fwalF0LcpluPq_h3qrUKD_5qPmfHK881i5SA5LaNQpjvTVWquxSfn3cLDKdYveKCDevGf5R-CcTCYHia5mMmMD0X-dgmRXq7ONf8sn6hNVjgo8HjDxXiafnBAmAuWPgY0C5DUmp3y-ZfWaKq1uF4CPchRwB3ir-W8-hq88E6_3Q0zwYez6zxwsTlHsXXr1SGIsZ4cRKl3xj8h8jGfOach7fAOUGW-FvjI2Z5KOIfJCw3ysDSPyjEZxAyLwtIZ8z3rD-XWi14zAvJf-KBPbMu3c_wy80pdf5e_Y3Afvs87YeDelVTiBXs8KMccYgRcOOWlvxm_9BIaZYj_DxyPmEoLk13zU"",""timestamp"":1722874726965,""version"":""0.2.0""}"
arcade_logo_dark.svg,woIGxlvDTtWNkFEOj38e2AOgkY4wyFieNjyNWN0RH7Y,"{""id"":""woIGxlvDTtWNkFEOj38e2AOgkY4wyFieNjyNWN0RH7Y"",""deadlineHeight"":1479982,""public"":""wZgP9Rpfh0nXb5EdzBUg7y2LFMkBp2ADX3gdZhLXHYbz4srlYD6FUGn6Tt-WsSYj8faUyA7bNKj9zzcXiN-bsMC73e0yoQ05A_5I2QnBAgCTuzXePvUVCvSCOg1vdh07hSjvSBd1XiWDHw2J-Z7m6lG3l56PDSCp8t-s0PduONcsjqOePFejzkaJymJxMYp7d0g0GL1i1MrBAbf5ohIobyTYQz7bRHLLUpdSgiCiHbSBp092cIQnHYXGBeWb-lBEtMT9Am5GsHeVXq4eL8H83NBPIN4fIOtwpl7zzBUeaD5lTc3UcXliMjFuFJurVmNhqsP_osJMceybk3VIjdP0biqLqt_nRupdPwwJGQ09iyGv0wfzMBlx7zTZ9pp77ZBX3cDnYmWt2IR-mIgOStfiEHu5BuwNGBvGt7-tzHJp9e6IOofN10apfiuF9iQEQ3gFVQDZ7owQ_IrCq5yWLP7ePwYoB2e7ZbvCkd4JM8oOgEMZkywTOx3gLASGKS7wqUerdlYacWRukqg5MmkQRbzJIiY23pPwrhQSWon5q91jbImO6vTaHVDZnd2GoMFlePAsceNO1MaLS6GMuY-EAwOtaX-R1QZUpJmCzWfV-77AmBmaPDCR0mm3f7jy-3yYSCMAkti4idHVq5dIhOJnibd_LEfQtkTAQ5MQlE4uoa5lkJs"",""signature"":""YCN20WdrU0st43COYUxLo_16ZA1MGbNCNe3BOj0VpKG4lpdwmLkFyjQJ0QjuDNC2bzGKLmULSROZKRUZjirOEHHcYT_WdGDx9-6Kkzh08BLGs1FCmxwHQh6wSTTkE0KsCsYAQWQogSM8eHO36Xre9CMMHBXnAjoElHMxKD2ypHqyc5lniy_kXpvIRFLG0_65ESxLrkM2YBrh3SyvurRlIjdd69yx_Pi7mXH0mh-P0u7AwkXy5zyXETEjgdJi1BZTLgBnfTpIodhgsCufcL0JjgzX8puopCShjulU4otTv9mHyhmXts3skccFI5jwWmgsYLEGRyJnQgaF9fNT_Q7_fTnQommsi_GKzF9dzJV2QdI0KECENVZz3lSJOYcjlK6UiNxdtV87guq8eoqmW_G91tYdWEuYaHmXskdnEI34JKw0PsTc1bIk0hF5q1nVkw2pGk946tw8oTU8b9nfQynQPOKyCsnfEhYcCQTyR5OQY4y0imikYnG393GhqrTKisNm0o0OPY8TIjy-YzeTdw0MA2EHFm8f6jx6yn-1KbjcLNvNQ0_AFgSAJztXixTjwaT9ck-0u7XECoB0RHwUfqZltkbjosMJJLy16w8WI_ntEX3S-7RWLZSzTeF_05G1aNxSaO6zmNs0t4kOLnwXK_WNz4Q7QdWN8V-sBy_XcaYpirU"",""timestamp"":1722874727269,""version"":""0.2.0""}"
site.webmanifest,lck4f81zAC9vbg6cpqUN1zEXkHvIH9p0cwK2Ax_lCDE,"{""id"":""lck4f81zAC9vbg6cpqUN1zEXkHvIH9p0cwK2Ax_lCDE"",""deadlineHeight"":1479982,""public"":""wZgP9Rpfh0nXb5EdzBUg7y2LFMkBp2ADX3gdZhLXHYbz4srlYD6FUGn6Tt-WsSYj8faUyA7bNKj9zzcXiN-bsMC73e0yoQ05A_5I2QnBAgCTuzXePvUVCvSCOg1vdh07hSjvSBd1XiWDHw2J-Z7m6lG3l56PDSCp8t-s0PduONcsjqOePFejzkaJymJxMYp7d0g0GL1i1MrBAbf5ohIobyTYQz7bRHLLUpdSgiCiHbSBp092cIQnHYXGBeWb-lBEtMT9Am5GsHeVXq4eL8H83NBPIN4fIOtwpl7zzBUeaD5lTc3UcXliMjFuFJurVmNhqsP_osJMceybk3VIjdP0biqLqt_nRupdPwwJGQ09iyGv0wfzMBlx7zTZ9pp77ZBX3cDnYmWt2IR-mIgOStfiEHu5BuwNGBvGt7-tzHJp9e6IOofN10apfiuF9iQEQ3gFVQDZ7owQ_IrCq5yWLP7ePwYoB2e7ZbvCkd4JM8oOgEMZkywTOx3gLASGKS7wqUerdlYacWRukqg5MmkQRbzJIiY23pPwrhQSWon5q91jbImO6vTaHVDZnd2GoMFlePAsceNO1MaLS6GMuY-EAwOtaX-R1QZUpJmCzWfV-77AmBmaPDCR0mm3f7jy-3yYSCMAkti4idHVq5dIhOJnibd_LEfQtkTAQ5MQlE4uoa5lkJs"",""signature"":""oFF6w3TCDalAHmhujcj9ii38wG8asqFfa3FVoEW-5JRX7kxHA3uAs9Ueqj9ZUGVFWlxEeAw04cmbPvqTCdZ-f1LwAD2pG8V_jEBSJVIvFc8QhDceJdE3I9a139yGmj_7xOye6YSGJs1dGSZ7RZzXWI5LUSsyXBtZEE9_M2GQxc8XqXkOlwfDHPPheyLQSjeqJrFswm5P4Cm0e9GVoHHZ_sn6lm_J9FbTvmJA4B74yY9ggsRat93R3UsKHeS2fJlTWuro9sLLfpudgeZaJpLbQfkO9D2q1_akvhI3VlhajpjJsmqKxAutNFj-3eAwfqZi7W0oXIm5ryXh1TY5Yy6DizgZfJ2qF-2WlQs3SYzidePrBee4ruXB3o2KpjkuVCo5FCP4ba1ePKfRv7Vc3vlufouFvi5r13IjVfRmmocTVFf6q40kUWxRdmWemUnlBl0kCe5wucszi4asu9bB9S_Aw07c5-b4ovRwDoTZ1CYbKi8YDK3J09ZjdPZlgkG8plxXK-QiyAYFM00GgDmy_xVlE9ndEDndSJ17yRlDa7asstiRMt8r9rW2CY9dOhsaoHkVbUsAQNPvqpfcXH9r3iVPQC3dfOTHaxoICSh1ULevq42yj7XVV4nuVSXtAvrpVVVy-9vmCdRbRSg1nF8tF6gQ5yUvd69U8ecIG0yyip4vmv4"",""timestamp"":1722874727600,""version"":""0.2.0""}"
next.svg,0TYx8-4NZdjcjp0qF7YzX_CcOuW-GI_VPp8yiqsok-A,"{""id"":""0TYx8-4NZdjcjp0qF7YzX_CcOuW-GI_VPp8yiqsok-A"",""deadlineHeight"":1479982,""public"":""wZgP9Rpfh0nXb5EdzBUg7y2LFMkBp2ADX3gdZhLXHYbz4srlYD6FUGn6Tt-WsSYj8faUyA7bNKj9zzcXiN-bsMC73e0yoQ05A_5I2QnBAgCTuzXePvUVCvSCOg1vdh07hSjvSBd1XiWDHw2J-Z7m6lG3l56PDSCp8t-s0PduONcsjqOePFejzkaJymJxMYp7d0g0GL1i1MrBAbf5ohIobyTYQz7bRHLLUpdSgiCiHbSBp092cIQnHYXGBeWb-lBEtMT9Am5GsHeVXq4eL8H83NBPIN4fIOtwpl7zzBUeaD5lTc3UcXliMjFuFJurVmNhqsP_osJMceybk3VIjdP0biqLqt_nRupdPwwJGQ09iyGv0wfzMBlx7zTZ9pp77ZBX3cDnYmWt2IR-mIgOStfiEHu5BuwNGBvGt7-tzHJp9e6IOofN10apfiuF9iQEQ3gFVQDZ7owQ_IrCq5yWLP7ePwYoB2e7ZbvCkd4JM8oOgEMZkywTOx3gLASGKS7wqUerdlYacWRukqg5MmkQRbzJIiY23pPwrhQSWon5q91jbImO6vTaHVDZnd2GoMFlePAsceNO1MaLS6GMuY-EAwOtaX-R1QZUpJmCzWfV-77AmBmaPDCR0mm3f7jy-3yYSCMAkti4idHVq5dIhOJnibd_LEfQtkTAQ5MQlE4uoa5lkJs"",""signature"":""r4Yqze0vMZnwRTuMOb_-NthmfGWXIxgUGeUkuPOCzvr0ILTOVNMVNA2lvpc1ZQKO6XpuzniSAJmPMXLMTSGRo6GVk7QiOk9CyXonPSwgdZVECGyZqjfb9a-x0u05dUIC2hMiZR_68noLWEaxSmuLICJ1j8LYCIQTowFm0-TCFIkV6im7PP80p8ovUuyznjrS_LYXSa1niQRH3JwBoHJe76wUCDxgjlPr5xQYUSHzd88gBkHrxl4Pgqi2D-Nl-gfyzP-MuJ7-gjzf3JZo5MhnsiY-xHHJNx8CWVEyUEMOsp8yIu4fJ7H8_1AKZL6sUh3-xofAA9uXo9himcmc7P8Y_if3kJPVRUZaHSuWIVU7GJme5K4lsie-DXxSbPUTT8YBYmUhlcOeqeUteU6v5194fki7UrcX-H7x9zDe1lBalyJwqRuA2aCop96BEYWK_bYcfiSF8ovLvq9NiIIrfzcN4eCUWCxb62TOQQ8Ks-AwDwYjWCw6_m5BaL9F14KnQ9OYHx1u0RURxNARA3qWLpm0EcdS-EzqUo2K1VTK29qF3QOMmEcNcvMXybm5VjRzKRVwnco4CgqScSmBItwAjPMeJ0PBP2rLPUzdYwf4oNuXgsSFdLkDUCEOVnp5soKoL6pxNZ39Uj4ZGWKom_mPI7U6dMR9z4gG0IuXdMnPdsIvRaY"",""timestamp"":1722874727867,""version"":""0.2.0""}"
vercel.svg,a9EATXbtK1DEEKOV42ZgrPzNh35ieGJ6UjGQrQn5Ozo,"{""id"":""a9EATXbtK1DEEKOV42ZgrPzNh35ieGJ6UjGQrQn5Ozo"",""deadlineHeight"":1479982,""public"":""wZgP9Rpfh0nXb5EdzBUg7y2LFMkBp2ADX3gdZhLXHYbz4srlYD6FUGn6Tt-WsSYj8faUyA7bNKj9zzcXiN-bsMC73e0yoQ05A_5I2QnBAgCTuzXePvUVCvSCOg1vdh07hSjvSBd1XiWDHw2J-Z7m6lG3l56PDSCp8t-s0PduONcsjqOePFejzkaJymJxMYp7d0g0GL1i1MrBAbf5ohIobyTYQz7bRHLLUpdSgiCiHbSBp092cIQnHYXGBeWb-lBEtMT9Am5GsHeVXq4eL8H83NBPIN4fIOtwpl7zzBUeaD5lTc3UcXliMjFuFJurVmNhqsP_osJMceybk3VIjdP0biqLqt_nRupdPwwJGQ09iyGv0wfzMBlx7zTZ9pp77ZBX3cDnYmWt2IR-mIgOStfiEHu5BuwNGBvGt7-tzHJp9e6IOofN10apfiuF9iQEQ3gFVQDZ7owQ_IrCq5yWLP7ePwYoB2e7ZbvCkd4JM8oOgEMZkywTOx3gLASGKS7wqUerdlYacWRukqg5MmkQRbzJIiY23pPwrhQSWon5q91jbImO6vTaHVDZnd2GoMFlePAsceNO1MaLS6GMuY-EAwOtaX-R1QZUpJmCzWfV-77AmBmaPDCR0mm3f7jy-3yYSCMAkti4idHVq5dIhOJnibd_LEfQtkTAQ5MQlE4uoa5lkJs"",""signature"":""FNt-XnRGYjuiB-EW-zba-kgsV85OrhHjnVc5guqbpGSMXQ_ITV8NWqx1nHPBaryq1zY-QrZ6lSTLoOSgoXEIXpSK7A4_6Yq8CrQErIdHh_7oQf5Iv4AFY5wMwYtse40DdLsyiIETLLRb428_TCAy6RiMV7INUWZn3oZPgylF0xcJV9d9MFeBMO8-AwOxsAIahAZP8PSx_pMw9Twm2YbHkhKLwRphAreXWRZXedfkfPysGO_3KdHzZ8x0CkGkzrX-HNUCaHrquC_Jp0fG4INlAB6dt4nfGCWihnpiZx05lSFbK2n2qZrItqkm5aVQZplI3rjVUn4x3JZWQ10uc3_x_oQkogCQkqh7GS8oDWYldCHFhT3gec34Uzf_xJKc7cOKeQhcPHbnsnE-q214DVS9flS4D37_yoEMa7JXwnR9h5VzLiALOZOi_KtBbz2eRKx7n4HibwnoNKRdZCEX32Le3VO98xkmwOMXFtAe_Zq_6O-jVTeVOxnnIgNZC0wlGpz275D2osSs9xd8noi8Zxydga-QKlT9rbMLGm1uvV5IjHG-3pMVCvFgb-nbWn3286LPw3G24PK2H3we4Y8qtwsZBvECoP_Y2PHAgUOitVuJlUpjT8uwbzZIWoQ6FBFvnC-983ruKOX6asAHa12wjcHCgjHrTCJ5lgbd0XN-M-OK0Bc"",""timestamp"":1722874727883,""version"":""0.2.0""}"
arcadia_logo_white.svg,cZV64igccS7mqX7VJ3wvkNQ0BIJyuaTwCXhTPsPeaeg,"{""id"":""cZV64igccS7mqX7VJ3wvkNQ0BIJyuaTwCXhTPsPeaeg"",""deadlineHeight"":1479982,""public"":""wZgP9Rpfh0nXb5EdzBUg7y2LFMkBp2ADX3gdZhLXHYbz4srlYD6FUGn6Tt-WsSYj8faUyA7bNKj9zzcXiN-bsMC73e0yoQ05A_5I2QnBAgCTuzXePvUVCvSCOg1vdh07hSjvSBd1XiWDHw2J-Z7m6lG3l56PDSCp8t-s0PduONcsjqOePFejzkaJymJxMYp7d0g0GL1i1MrBAbf5ohIobyTYQz7bRHLLUpdSgiCiHbSBp092cIQnHYXGBeWb-lBEtMT9Am5GsHeVXq4eL8H83NBPIN4fIOtwpl7zzBUeaD5lTc3UcXliMjFuFJurVmNhqsP_osJMceybk3VIjdP0biqLqt_nRupdPwwJGQ09iyGv0wfzMBlx7zTZ9pp77ZBX3cDnYmWt2IR-mIgOStfiEHu5BuwNGBvGt7-tzHJp9e6IOofN10apfiuF9iQEQ3gFVQDZ7owQ_IrCq5yWLP7ePwYoB2e7ZbvCkd4JM8oOgEMZkywTOx3gLASGKS7wqUerdlYacWRukqg5MmkQRbzJIiY23pPwrhQSWon5q91jbImO6vTaHVDZnd2GoMFlePAsceNO1MaLS6GMuY-EAwOtaX-R1QZUpJmCzWfV-77AmBmaPDCR0mm3f7jy-3yYSCMAkti4idHVq5dIhOJnibd_LEfQtkTAQ5MQlE4uoa5lkJs"",""signature"":""U6WcUXbIs-tfQuXzCVunJshoGJ8X35bNWhytp_Sc81_WryxWobGPYxyIpt8wBVcr9bZxLdKJTXC4KHdtn8UNNa87OnmKgroWLNNJFGKMVKxbm8eINOkPoIu7xLjGR6B7oVgJCsm9e9_mZs3DINO9Al_w1eKriJ-5TyTeUd1j1Btlyg5aQpmFb5WRYeZoKuU91v7itXFcx-Cs82pgNOQiFuxd7lmqJo05GG_zLCMYw-m4z_pwtNBEOKRPXzwxpzabzAKcmA4-p7H0NuAqKuQ0IfR2FtOda4uWBuCRCM-2RbPEwDI-7Mm10q6w0IzaSiBeaGE-2JMKqln6uE9p_U_WKhp5joQRfcksS-zb3t5WtQjGQQYeYacVKR3FpBFJCsvyAwQMSrXfHfShxpUUDFNkroScGUfnmq4P14BAuY4LRplHlQBbigduNNoxp4_dYEKvzfF4CeuVy9sBAtorwjlfVV9gZL_cvzHCRHjTHVcofJ2TIIcpxVoNjh1NEAf6i-4vdVGQvjRu7SGGEQ5YR0s65Hs1hWBIslbwV6G4j_fGuPSGPsFP-wPsDGvA2Ec26ur9s6JHqS-tULc316kRpJCn_Yi1lqI74QeUeaI43TYDGy4wfzotyXPcKiVi9AoIdEUEFZ6MP9-32qP8Rd88NgfZuTN1S7xf0wL3gKV8FncITVg"",""timestamp"":1722874728193,""version"":""0.2.0""}"
mstile-150x150.png,Db0nPwmwXtvvxXpC45PP2xj9FonPEu4qPDkbEuepZL0,"{""id"":""Db0nPwmwXtvvxXpC45PP2xj9FonPEu4qPDkbEuepZL0"",""deadlineHeight"":1479982,""public"":""wZgP9Rpfh0nXb5EdzBUg7y2LFMkBp2ADX3gdZhLXHYbz4srlYD6FUGn6Tt-WsSYj8faUyA7bNKj9zzcXiN-bsMC73e0yoQ05A_5I2QnBAgCTuzXePvUVCvSCOg1vdh07hSjvSBd1XiWDHw2J-Z7m6lG3l56PDSCp8t-s0PduONcsjqOePFejzkaJymJxMYp7d0g0GL1i1MrBAbf5ohIobyTYQz7bRHLLUpdSgiCiHbSBp092cIQnHYXGBeWb-lBEtMT9Am5GsHeVXq4eL8H83NBPIN4fIOtwpl7zzBUeaD5lTc3UcXliMjFuFJurVmNhqsP_osJMceybk3VIjdP0biqLqt_nRupdPwwJGQ09iyGv0wfzMBlx7zTZ9pp77ZBX3cDnYmWt2IR-mIgOStfiEHu5BuwNGBvGt7-tzHJp9e6IOofN10apfiuF9iQEQ3gFVQDZ7owQ_IrCq5yWLP7ePwYoB2e7ZbvCkd4JM8oOgEMZkywTOx3gLASGKS7wqUerdlYacWRukqg5MmkQRbzJIiY23pPwrhQSWon5q91jbImO6vTaHVDZnd2GoMFlePAsceNO1MaLS6GMuY-EAwOtaX-R1QZUpJmCzWfV-77AmBmaPDCR0mm3f7jy-3yYSCMAkti4idHVq5dIhOJnibd_LEfQtkTAQ5MQlE4uoa5lkJs"",""signature"":""I8bG5KT6H0H4BGO6RgMCa-ZaAFGDEy56zBiXiOeQ3DsC4krbAhdYt6xtjGIjZ-smSZoVyiJCRRpVOXDnEDqyTZ8gfLszSxbGKXsdv6-P0iihx7ABySPOLCf_ox6jXvzFhzbh9WaTcgsqZD5dydkVBE-KYEKSePm4nvAw6UV31scEizDiIhVDkLRCf1BE2QqwjezjubOPcNg78vrepjMELsVccq7oMV5vHJ_9s_GGUYLMkXJtqQeQPerJRjy-uyNIkJgFABvuZbsCFS-YDXooSeE5ZOx6vmGwBPGnpX6X2DV7qBNz_QodypMGqZkghgLLH68WQGRyUzwfrx1nxAffoiwqLxyT6rzQig3WMWk9DH10Bqv4U-wkkRSmTZg4SPSqz4c9D7cAZSTyP5Lm3_EZD8N3bDcmrg7rh8k_XZIEmPqEuoGaTkcBUnfsmnWZ-8e8rT_yLbqzsJYpTujGZvh3pX70_1ZX6glgToremXoiiObeHY_Uehlp7Qb6SAbCY5quTPUPIn9RBsM32orl1DFdQZ3DwQqoxa2s0SRCkWBDYjaeYF2FrsM9u5AnNYaxva6ThXIoMi_DDO8ZQ02pdRoAtaoqw22GULUNPADDEFOJ_bNczV424-ZPH2-xjWLulUWoNCy0trHcCobl6IRQmJYdFZPzrrE0E4gayjF6pvKpUsg"",""timestamp"":1722874728411,""version"":""0.2.0""}"
arcade-logo-text.svg,kY4Gc6Lnzdg4sE__jZOf0aDY-Q_t1p2G0rbMVoCjQzY,"{""id"":""kY4Gc6Lnzdg4sE__jZOf0aDY-Q_t1p2G0rbMVoCjQzY"",""deadlineHeight"":1479982,""public"":""wZgP9Rpfh0nXb5EdzBUg7y2LFMkBp2ADX3gdZhLXHYbz4srlYD6FUGn6Tt-WsSYj8faUyA7bNKj9zzcXiN-bsMC73e0yoQ05A_5I2QnBAgCTuzXePvUVCvSCOg1vdh07hSjvSBd1XiWDHw2J-Z7m6lG3l56PDSCp8t-s0PduONcsjqOePFejzkaJymJxMYp7d0g0GL1i1MrBAbf5ohIobyTYQz7bRHLLUpdSgiCiHbSBp092cIQnHYXGBeWb-lBEtMT9Am5GsHeVXq4eL8H83NBPIN4fIOtwpl7zzBUeaD5lTc3UcXliMjFuFJurVmNhqsP_osJMceybk3VIjdP0biqLqt_nRupdPwwJGQ09iyGv0wfzMBlx7zTZ9pp77ZBX3cDnYmWt2IR-mIgOStfiEHu5BuwNGBvGt7-tzHJp9e6IOofN10apfiuF9iQEQ3gFVQDZ7owQ_IrCq5yWLP7ePwYoB2e7ZbvCkd4JM8oOgEMZkywTOx3gLASGKS7wqUerdlYacWRukqg5MmkQRbzJIiY23pPwrhQSWon5q91jbImO6vTaHVDZnd2GoMFlePAsceNO1MaLS6GMuY-EAwOtaX-R1QZUpJmCzWfV-77AmBmaPDCR0mm3f7jy-3yYSCMAkti4idHVq5dIhOJnibd_LEfQtkTAQ5MQlE4uoa5lkJs"",""signature"":""hBTkXa6syb6x0KS3rlUosoJwHMVOIjQ_WFC9y9_8N9rY1XG2pmMRlR9CGXJ53XbBAZDcTziZRUGDPGRAXWN7JH3V6gcejckLIZf-yaWlpZyhX4GAgzaidbcatp7-MV7ttJcnkzpRBIELagTaZJMxFYe_JRvxivBYNJytbFK4_eaeNhrjZQ2u4M-PHyMc8YxpnKoVwj2VORH6XjG_HO_frTbCRc6ecip7jwRwHYX9p_FI5hitC-PEzmAo0o3tBpxwwnEG2qjqXs0UpT04-0bEyMGnIsZ6_QUi_lgCzC3VRe9iYrwivl7AWnm1sFP4_hrCIX3z_y3ZX5wx7-PYyq-mtwvR7uX9hy1bILTgH2W7zVUDSujSzU3QGgNXjk35kNl3paq-nWYauUNSaW4xjzCBs_rt87oBsspoSHW4j4AV144SuiLn3PzQEJanxDokapsUe5zUuZaBWTAvaHA4d_3MwUVSNKhnBfmtX4YvSWHCjujKaojc6-n5hmaOiK28pNvS7y7H0f0Ow2Lv29UdMy-OD_ND0ON4QDSoHcjx9hv55uS7SE4CxwpYYFJPS2TyaaYj2nMNv7lTPAzaWFKGK2oz2U0kwNE_5U-41NB_utaqgGS5trcjhoWDEQmYqxzf8eEKhUp_IIr4FWfF-H7e8Xq1gJAKBQtivkC-cfe4TgGTQN8"",""timestamp"":1722874729178,""version"":""0.2.0""}"
browserconfig.xml,f7hURyOo7FhW0YE65Z-soH5zNBSbS2YxsvqJfvRQrCM,"{""id"":""f7hURyOo7FhW0YE65Z-soH5zNBSbS2YxsvqJfvRQrCM"",""deadlineHeight"":1479982,""public"":""wZgP9Rpfh0nXb5EdzBUg7y2LFMkBp2ADX3gdZhLXHYbz4srlYD6FUGn6Tt-WsSYj8faUyA7bNKj9zzcXiN-bsMC73e0yoQ05A_5I2QnBAgCTuzXePvUVCvSCOg1vdh07hSjvSBd1XiWDHw2J-Z7m6lG3l56PDSCp8t-s0PduONcsjqOePFejzkaJymJxMYp7d0g0GL1i1MrBAbf5ohIobyTYQz7bRHLLUpdSgiCiHbSBp092cIQnHYXGBeWb-lBEtMT9Am5GsHeVXq4eL8H83NBPIN4fIOtwpl7zzBUeaD5lTc3UcXliMjFuFJurVmNhqsP_osJMceybk3VIjdP0biqLqt_nRupdPwwJGQ09iyGv0wfzMBlx7zTZ9pp77ZBX3cDnYmWt2IR-mIgOStfiEHu5BuwNGBvGt7-tzHJp9e6IOofN10apfiuF9iQEQ3gFVQDZ7owQ_IrCq5yWLP7ePwYoB2e7ZbvCkd4JM8oOgEMZkywTOx3gLASGKS7wqUerdlYacWRukqg5MmkQRbzJIiY23pPwrhQSWon5q91jbImO6vTaHVDZnd2GoMFlePAsceNO1MaLS6GMuY-EAwOtaX-R1QZUpJmCzWfV-77AmBmaPDCR0mm3f7jy-3yYSCMAkti4idHVq5dIhOJnibd_LEfQtkTAQ5MQlE4uoa5lkJs"",""signature"":""ODN1IvEywmvgkB0ttF8y0__UXvWsqSthhYiPfN2DnPNfH5P7kru9E7VDjFtCqrW1QLtSykl3OaQTIVpO1uiwm4JZcNX6LHWXc9GzWBUvWL5l28a8khQjpfMTbR5L8B89Xyvu8ndMW0g2MdcH4JuhunafYjxFloObHJtytWCgTI50SFa3I3HYSYdFRJYL_8R2uiwX0QoG9p4zExDdMCqEsxC7cIKCMNHsr8CBn-9vuvBGhaEA_81PZbv-RITSPqJ6qO8qEEyq_f5e8RD4-xwduxibEIyNA61_ItHYUUEY1MICDHTkliuwEjaq1j2954YN2diN-obF2ajQNLXfS0pzO0rIneBiGjXrpiS1yqJQa0m3t2yS2UDFJnmvr7zTD4SQ7YL7HaEwSwmNQV13PKjoYtqgBJAsRn9jdoTpHhTyByXpJmHfspnJuiud3ZgTXycymQSVdCSY8sTaDw3vali3jMlsF3zviquKWoeZg9xqD2ObkkN9Zh7CIC0dlmDmo8kdGLGQDv16XUMB9BaXTbHHEREZ6u8e7KxQVkz9oEZ07KHR6VkQ03lOPMzJEkusnZXMYg1wob2B2QZHMfCUpIxsLAie9uzlkOpAA4RHZzmY-RAfvVafCSAoZSgW0FRttyy3d9qGEMjBFJtaUA9yuconjCNhQW5NgEy8XdMWl1H3CLo"",""timestamp"":1722874729475,""version"":""0.2.0""}"
arcadia_logo_text_black.svg,R2TLmgzODdkAGOOsuNC0-trwlquVUMPlyT499khX7yo,"{""id"":""R2TLmgzODdkAGOOsuNC0-trwlquVUMPlyT499khX7yo"",""deadlineHeight"":1479982,""public"":""wZgP9Rpfh0nXb5EdzBUg7y2LFMkBp2ADX3gdZhLXHYbz4srlYD6FUGn6Tt-WsSYj8faUyA7bNKj9zzcXiN-bsMC73e0yoQ05A_5I2QnBAgCTuzXePvUVCvSCOg1vdh07hSjvSBd1XiWDHw2J-Z7m6lG3l56PDSCp8t-s0PduONcsjqOePFejzkaJymJxMYp7d0g0GL1i1MrBAbf5ohIobyTYQz7bRHLLUpdSgiCiHbSBp092cIQnHYXGBeWb-lBEtMT9Am5GsHeVXq4eL8H83NBPIN4fIOtwpl7zzBUeaD5lTc3UcXliMjFuFJurVmNhqsP_osJMceybk3VIjdP0biqLqt_nRupdPwwJGQ09iyGv0wfzMBlx7zTZ9pp77ZBX3cDnYmWt2IR-mIgOStfiEHu5BuwNGBvGt7-tzHJp9e6IOofN10apfiuF9iQEQ3gFVQDZ7owQ_IrCq5yWLP7ePwYoB2e7ZbvCkd4JM8oOgEMZkywTOx3gLASGKS7wqUerdlYacWRukqg5MmkQRbzJIiY23pPwrhQSWon5q91jbImO6vTaHVDZnd2GoMFlePAsceNO1MaLS6GMuY-EAwOtaX-R1QZUpJmCzWfV-77AmBmaPDCR0mm3f7jy-3yYSCMAkti4idHVq5dIhOJnibd_LEfQtkTAQ5MQlE4uoa5lkJs"",""signature"":""D19g6egOv2d8uJ0yA3t2Uafck_-BiyZertMzGs1BE3bWrvHACygAshUejdZITCwnUFaVX0RtazAFNyVQ2WN3Y-jrKpgFquEqbSXJPCOKEjsj4hyUjP-Qp5_teH_ksAesbUqTJzbnMkeF09jVgpPETrTXom-qnMCDtMmxAgXl6Pvnx4rm-5zYSceYFSWHJLJEGhtxipj70IfbDPHY52zLEMu-7ICaxmW1JWJ617h5INlg0CBiw-muoTXh8POS7LGwXf9kFm1MyU6hsDoDrX10QEbQ_CQ4mm_6Ij4Mj2bvWO_T7N9HQ5LAOs3QEwnH74k9JDh6A95UDdDofJoq1Her70ex3K6SHk4SiyayUm60tVcmYHx7LHQCw4FnPWubeJss5lSul9RP9L2CAFV1FkA7DcdnQmT8AvehcNv106l6b_WFWsT2WAROAPq8pKifA0UQCLEQubiiJQUuLc1DcXoBhDZ9mcoWo7dxnnql6nyJ579Zz7aWYUNNgnJXpY_V76e-X9Ud-82rFGEu8MOS4pzMP2rpIgg8pWl3Oc2BQxM3S5JcVD8rZBFUFbAcQNDRkEI4y4HC3atH38je8ZwvBvQiHY5xqyBXMk6yHx3KsdRek4sUyw6VGvjkQIUADGnv0NVGAQAEPHmcbr0_VKh2MT1jcHvXqdnRw4cogKo56-lIvE8"",""timestamp"":1722874729483,""version"":""0.2.0""}"
favicon-32x32.png,0CnvIfuDTI89UPInf1bsS4wQdfVw6WDtCWNa91-xsCk,"{""id"":""0CnvIfuDTI89UPInf1bsS4wQdfVw6WDtCWNa91-xsCk"",""deadlineHeight"":1479982,""public"":""wZgP9Rpfh0nXb5EdzBUg7y2LFMkBp2ADX3gdZhLXHYbz4srlYD6FUGn6Tt-WsSYj8faUyA7bNKj9zzcXiN-bsMC73e0yoQ05A_5I2QnBAgCTuzXePvUVCvSCOg1vdh07hSjvSBd1XiWDHw2J-Z7m6lG3l56PDSCp8t-s0PduONcsjqOePFejzkaJymJxMYp7d0g0GL1i1MrBAbf5ohIobyTYQz7bRHLLUpdSgiCiHbSBp092cIQnHYXGBeWb-lBEtMT9Am5GsHeVXq4eL8H83NBPIN4fIOtwpl7zzBUeaD5lTc3UcXliMjFuFJurVmNhqsP_osJMceybk3VIjdP0biqLqt_nRupdPwwJGQ09iyGv0wfzMBlx7zTZ9pp77ZBX3cDnYmWt2IR-mIgOStfiEHu5BuwNGBvGt7-tzHJp9e6IOofN10apfiuF9iQEQ3gFVQDZ7owQ_IrCq5yWLP7ePwYoB2e7ZbvCkd4JM8oOgEMZkywTOx3gLASGKS7wqUerdlYacWRukqg5MmkQRbzJIiY23pPwrhQSWon5q91jbImO6vTaHVDZnd2GoMFlePAsceNO1MaLS6GMuY-EAwOtaX-R1QZUpJmCzWfV-77AmBmaPDCR0mm3f7jy-3yYSCMAkti4idHVq5dIhOJnibd_LEfQtkTAQ5MQlE4uoa5lkJs"",""signature"":""XHKMpkoYwiL-CVlzqSOk6phi6H7NMJd6R26fZLM65EnrfnwJX9fuUsbWsb8C-GD23BaUSd18Otv3ujVO3hnbBR6E9vJVF3vxpoHhuPM3rUoHA3Pv9dcW77fCGGydGmFeIhIkhJrzmW-YkFK6SORnbxsP8AQBe40Ws0jAaeNULhgCC2zosrh5LpXM3eN28SbnMAbmI2NTetOQPVfuOeUTZsr1V9stX4obCK3zttyJt1vEhSXhA1A4dC3QMT8TsbtDGRZXqPiaZCyxaK9DdtzsLINiyqaiEnpUIzNUuFXx3IflHx74ojPDzkJC1BdJ65lQ9RXnL2skrkzZEgVwvLNtp-bqU3Alb9yOYefCFrfgCZz7jJJeTgUW1gKBRY5pLc9aGpiJd13G1ie9THm7UzuN7SCkELbxe6M2EByjN7dVL0GQ5myjy7f4hWs7qDYKia1OcdMs5FpjUeDkexr5EemahyIk7KNf1Jbs9MoOSFEiyr20IJbCZxiWqPqjr2j94tQg6xRXRputM-OBzHoibOx64S4NrGUxrvudKYEuVTLHznucFlmdPc6VDoe8ZvSwj0NqxQdV3QrjUKCJxPakQzWv85i_jkQveXwJOvEQx14Ip9InOfmVAlUORx1ZCpKOX5VLZdHgfVlF2RaA2JG1cZ8B4B9eWZU8SJUe-xx74N4CXbY"",""timestamp"":1722874730413,""version"":""0.2.0""}"
